Name;Street;City;Field worker;Geo Latitude;Geo Longitude
Campanar Point 1;Avenida de Campanar 10;Valencia;BOGDAN STARCHENKO;39,4801245;-0,3901452
Campanar Point 2;Avenida de Campanar 25;Valencia;BOGDAN STARCHENKO;39,4815382;-0,3912784
Campanar Point 3;Avenida de Campanar 42;Valencia;BOGDAN STARCHENKO;39,4830119;-0,3925431
Cortes Valencianas Point 1;Av. Cortes Valencianas 15;Valencia;BOGDAN STARCHENKO;39,4891048;-0,3980127
Cortes Valencianas Point 2;Av. Cortes Valencianas 28;Valencia;BOGDAN STARCHENKO;39,4910834;-0,4005619
Cortes Valencianas Point 3;Av. Cortes Valencianas 45;Valencia;BOGDAN STARCHENKO;39,4935271;-0,4030842
Maestro Rodrigo Point 1;Av. del Mestre Rodrigo 12;Valencia;BOGDAN STARCHENKO;39,4820914;-0,3985473
Maestro Rodrigo Point 2;Av. del Mestre Rodrigo 34;Valencia;BOGDAN STARCHENKO;39,4855620;-0,4010385
Maestro Rodrigo Point 3;Av. del Mestre Rodrigo 58;Valencia;BOGDAN STARCHENKO;39,4880193;-0,4040156
Vall de la Ballestera Point 1;Carrer de la Vall de la Ballestera 18;Valencia;BOGDAN STARCHENKO;39,4810452;-0,3950281
Vall de la Ballestera Point 2;Carrer de la Vall de la Ballestera 46;Valencia;BOGDAN STARCHENKO;39,4835729;-0,3975410
Pio Baroja Point 1;Av. de Pío Baroja 3;Valencia;BOGDAN STARCHENKO;39,4775831;-0,4020947
Pio Baroja Point 2;Av. de Pío Baroja 19;Valencia;BOGDAN STARCHENKO;39,4790216;-0,4045183
General Avilés Point 1;Av. del General Avilés 22;Valencia;BOGDAN STARCHENKO;39,4840391;-0,3930815
General Avilés Point 2;Av. del General Avilés 54;Valencia;BOGDAN STARCHENKO;39,4865147;-0,3960298
